{"cameraMode":{"drawMode":0,"name":"Shaded","section":"Shading Mode"},"sceneLighting":false,"audioPlay":false,"sceneViewState":{"showFog":false,"showMaterialUpdate":false,"showSkybox":false,"showFlares":false,"showImageEffects":false,"showParticleSystems":false},"in2DMode":false,"pivot":{"x":0.0,"y":1.0478243827819825,"z":2.0209999084472658},"rotation":{"x":0.08077917248010636,"y":0.8565921783447266,"z":-0.14131449162960053,"w":0.4896519184112549},"size":5.834973335266113,"orthographic":true}