{"cameraMode":{"drawMode":0,"name":"Shaded","section":"Shading Mode"},"sceneLighting":false,"audioPlay":false,"sceneViewState":{"showFog":false,"showMaterialUpdate":false,"showSkybox":false,"showFlares":false,"showImageEffects":false,"showParticleSystems":false},"in2DMode":false,"pivot":{"x":0.9795767068862915,"y":-1.477689266204834,"z":-0.326171875},"rotation":{"x":0.19556547701358796,"y":0.2794666290283203,"z":-0.058252789080142978,"w":0.9382219910621643},"size":10.162357330322266,"orthographic":true}