{"cameraMode":{"drawMode":0,"name":"Shaded","section":"Shading Mode"},"sceneLighting":false,"audioPlay":false,"sceneViewState":{"showFog":false,"showMaterialUpdate":false,"showSkybox":false,"showFlares":false,"showImageEffects":false,"showParticleSystems":false},"in2DMode":false,"pivot":{"x":20.314191818237306,"y":2.9003007411956789,"z":24.748775482177736},"rotation":{"x":0.10318338125944138,"y":0.8247774243354797,"z":-0.15981705486774445,"w":0.5325011014938355},"size":8.848306655883789,"orthographic":false}