{"cameraMode":{"drawMode":0,"name":"Shaded","section":"Shading Mode"},"sceneLighting":false,"audioPlay":false,"sceneViewState":{"showFog":false,"showMaterialUpdate":false,"showSkybox":false,"showFlares":false,"showImageEffects":false,"showParticleSystems":false},"in2DMode":false,"pivot":{"x":0.0,"y":1.3635305166244507,"z":2.0209999084472658},"rotation":{"x":0.1393299102783203,"y":0.7642282843589783,"z":-0.17612025141716004,"w":0.6045883893966675},"size":22.075119018554689,"orthographic":true}