{"cameraMode":{"drawMode":0,"name":"Shaded","section":"Shading Mode"},"sceneLighting":false,"audioPlay":false,"sceneViewState":{"showFog":false,"showMaterialUpdate":false,"showSkybox":false,"showFlares":false,"showImageEffects":false,"showParticleSystems":false},"in2DMode":false,"pivot":{"x":45.287601470947269,"y":7.472784042358398,"z":91.67329406738281},"rotation":{"x":0.2952609956264496,"y":0.34474071860313418,"z":-0.11520076543092728,"w":0.8835749626159668},"size":16.05133056640625,"orthographic":true}