{"cameraMode":{"drawMode":0,"name":"Shaded","section":"Shading Mode"},"sceneLighting":false,"audioPlay":false,"sceneViewState":{"showFog":false,"showMaterialUpdate":false,"showSkybox":false,"showFlares":false,"showImageEffects":false,"showParticleSystems":false},"in2DMode":false,"pivot":{"x":20.970535278320314,"y":9.072871208190918,"z":24.580547332763673},"rotation":{"x":0.31755462288856509,"y":0.4616521894931793,"z":-0.1813979297876358,"w":0.8081669211387634},"size":32.62807083129883,"orthographic":false}