{"cameraMode":{"drawMode":0,"name":"Shaded","section":"Shading Mode"},"sceneLighting":false,"audioPlay":false,"sceneViewState":{"showFog":true,"showMaterialUpdate":false,"showSkybox":false,"showFlares":true,"showImageEffects":true,"showParticleSystems":true},"in2DMode":false,"pivot":{"x":60.550384521484378,"y":63.484283447265628,"z":88.23099517822266},"rotation":{"x":0.08903811126947403,"y":0.7854591608047485,"z":-0.11630145460367203,"w":0.6013319492340088},"size":239.4064483642578,"orthographic":true}