{"cameraMode":{"drawMode":0,"name":"Shaded","section":"Shading Mode"},"sceneLighting":true,"audioPlay":false,"sceneViewState":{"showFog":false,"showMaterialUpdate":false,"showSkybox":false,"showFlares":false,"showImageEffects":false,"showParticleSystems":false},"in2DMode":false,"pivot":{"x":163.17417907714845,"y":2.9886085987091066,"z":134.27198791503907},"rotation":{"x":-0.1292041391134262,"y":0.8649701476097107,"z":-0.28472334146499636,"w":-0.39251357316970827},"size":571.633544921875,"orthographic":false}