{"cameraMode":{"drawMode":0,"name":"Shaded","section":"Shading Mode"},"sceneLighting":false,"audioPlay":false,"sceneViewState":{"showFog":false,"showMaterialUpdate":false,"showSkybox":false,"showFlares":false,"showImageEffects":false,"showParticleSystems":false},"in2DMode":false,"pivot":{"x":238.90992736816407,"y":-0.26000022888183596,"z":50.497432708740237},"rotation":{"x":-0.042836327105760577,"y":0.9373298287391663,"z":-0.12445122003555298,"w":-0.3226306736469269},"size":22.0,"orthographic":false}