{"cameraMode":{"drawMode":0,"name":"Shaded","section":"Shading Mode"},"sceneLighting":false,"audioPlay":false,"sceneViewState":{"showFog":true,"showMaterialUpdate":false,"showSkybox":false,"showFlares":true,"showImageEffects":true,"showParticleSystems":true},"in2DMode":false,"pivot":{"x":44.4615478515625,"y":3.00797176361084,"z":95.74583435058594},"rotation":{"x":-0.18400761485099793,"y":0.7878300547599793,"z":-0.280733585357666,"w":-0.5163856744766235},"size":28.8624324798584,"orthographic":false}