{"cameraMode":{"drawMode":0,"name":"Shaded","section":"Shading Mode"},"sceneLighting":false,"audioPlay":false,"sceneViewState":{"showFog":false,"showMaterialUpdate":false,"showSkybox":false,"showFlares":false,"showImageEffects":false,"showParticleSystems":false},"in2DMode":false,"pivot":{"x":523.0488891601563,"y":-114.91973876953125,"z":-88.5411376953125},"rotation":{"x":0.21604874730110169,"y":0.3318898379802704,"z":-0.07837454229593277,"w":0.9148930907249451},"size":1869.019775390625,"orthographic":false}