{"cameraMode":{"drawMode":0,"name":"Shaded","section":"Shading Mode"},"sceneLighting":false,"audioPlay":false,"sceneViewState":{"showFog":true,"showMaterialUpdate":false,"showSkybox":false,"showFlares":true,"showImageEffects":true,"showParticleSystems":true},"in2DMode":false,"pivot":{"x":35.917152404785159,"y":3.894287347793579,"z":37.327083587646487},"rotation":{"x":-0.16263118386268617,"y":0.8017003536224365,"z":-0.2522261142730713,"w":-0.5169225931167603},"size":2.044130802154541,"orthographic":false}